{
    "floats": {
        "HUD/レティクルサイズ": 56.0,
        "HUD/レティクル不透明度": 0.8999999761581421,
        "HUD/速度メーターX": -500.0,
        "HUD/速度メーターY": 300.0,
        "HUD/速度メーター幅": 240.0,
        "HUD/速度メーター最大速度": 25.0,
        "HUD/速度メーター高さ": 22.0,
        "アニメ/着地モーションの長さ": 0.25,
        "アニメ/走りに切り替わる速さ": 0.5,
        "アニメ/走りの基準速度": 10.0,
        "カメラ/シェイク強さ": 0.30000001192092896,
        "カメラ/シェイク減衰": 3.0,
        "カメラ/回転スムーズ": 20.0,
        "カメラ/地面からの最低高さ": 0.30000001192092896,
        "カメラ/基準FOV": 60.0,
        "カメラ/追従スムーズ": 12.0,
        "カメラ/速度FOV上限": 12.0,
        "カメラ/速度FOV量": 0.4000000059604645,
        "カメラ/速度引き上限": 3.0,
        "カメラ/速度引き量": 0.05999999865889549,
        "カリング/距離": 260.0,
        "キャラ/壁当たり半径": 0.4000000059604645,
        "キャラ/歩ける斜面のしきい値(法線Y)": 0.5,
        "キャラ/重力": 20.0,
        "スロー演出/奥の幅(スロー)": 0.2199999988079071,
        "スロー演出/奥の幅(通常)": 20.0,
        "スロー演出/手前のボケ幅": 0.30000001192092896,
        "スロー演出/焦点(0-1)": 0.07999999821186066,
        "スロー演出/発光しきい値(スロー)": 0.35,
        "スロー演出/発光しきい値(通常)": 0.6,
        "スロー演出/近クリップ": 0.0,
        "スロー演出/追従速度": 8.0,
        "スロー演出/遠クリップ": 100.0,
        "プレイヤー/コヨーテ時間": 0.11999999731779099,
        "プレイヤー/ジャンプ先行入力": 0.11999999731779099,
        "プレイヤー/向き直る速さ": 720.0,
        "プレイヤー/最大落下速度": 60.0,
        "プレイヤー/最高速度": 20.0,
        "プレイヤー/移動速度": 6.0,
        "プレイヤー/空中制御": 10.0,
        "プレイヤー/落下リセットY": -20.0,
        "加速/単押しとみなす時間": 0.18000000715255737,
        "反撃/スロー倍率": 0.20000000298023224,
        "反撃/受付時間": 0.6000000238418579,
        "壁走り/接触の猶予": 0.20000000298023224,
        "敵/攻撃開始距離": 2.5,
        "敵/旋回速度": 180.0,
        "敵/移動速度": 1.5,
        "敵スポナー/出現高さ": 20.0,
        "敵スポナー/最大数": 30.0,
        "敵スポナー/範囲": 15.0,
        "敵スポナー/間隔": 1.0,
        "演出/スロー暗さ": 0.4000000059604645,
        "環境/フォグ濃度": 0.028,
        "環境/影の高さ比率": 0.25,
        "環境/影エリア": 200.0,
        "空中スロー/回復速度": 0.5,
        "空中スロー/最大時間": 1.5,
        "空中スロー/遅さ": 0.30000001192092896,
        "落下攻撃/斬撃範囲": 1.5,
        "連続攻撃/範囲": 8.0
    },
    "ints": {
        "HUD/レティクル種類(0環1菱2羅)": 0,
        "回避/ストック数": 2
    },
    "vectors": {
        "環境/フォグ色": [
            0.22,
            0.09,
            0.36
        ],
        "環境/平行光の向き": [
            -0.5,
            -1.0,
            -0.5
        ],
        "環境/平行光の色": [
            0.5,
            0.62,
            1.05
        ],
        "環境/環境光の色": [
            0.16,
            0.13,
            0.3
        ]
    }
}