{
    "floats": {
        "HUD/レティクルサイズ": 56.0,
        "HUD/レティクル不透明度": 0.8999999761581421,
        "HUD/速度メーターX": -500.0,
        "HUD/速度メーターY": 300.0,
        "HUD/速度メーター幅": 240.0,
        "HUD/速度メーター最大速度": 25.0,
        "HUD/速度メーター高さ": 22.0,
        "アニメ/着地の再生速度": 2.0,
        "アニメ/着地モーションの長さ": 1.7300000190734863,
        "カメラ/シェイク強さ": 0.30000001192092896,
        "カメラ/シェイク減衰": 3.0,
        "カメラ/回転スムーズ": 20.0,
        "カメラ/地面からの最低高さ": 0.30000001192092896,
        "カメラ/基準FOV": 60.0,
        "カメラ/壁からの余白": 0.4000000059604645,
        "カメラ/追従スムーズ": 12.0,
        "カメラ/速度FOV上限": 12.0,
        "カメラ/速度FOV量": 0.4000000059604645,
        "カメラ/速度引き上限": 3.0,
        "カメラ/速度引き量": 0.05999999865889549,
        "カリング/距離": 260.0,
        "キャラ/ジャンプ力": 8.0,
        "キャラ/壁当たり半径": 0.4000000059604645,
        "キャラ/歩ける斜面のしきい値(法線Y)": 0.5,
        "キャラ/重力": 20.0,
        "スロー演出/奥の幅(スロー)": 0.2199999988079071,
        "スロー演出/奥の幅(通常)": 20.0,
        "スロー演出/手前のボケ幅": 0.30000001192092896,
        "スロー演出/焦点(0-1)": 0.07999999821186066,
        "スロー演出/発光しきい値(スロー)": 0.75,
        "スロー演出/発光しきい値(通常)": 1.2,
        "スロー演出/近クリップ": 0.0,
        "スロー演出/追従速度": 8.0,
        "スロー演出/遠クリップ": 100.0,
        "プレイヤー/コヨーテ時間": 0.11999999731779099,
        "プレイヤー/ジャンプ先行入力": 0.11999999731779099,
        "プレイヤー/ダッシュ速度": 11.0,
        "プレイヤー/向き直る速さ": 720.0,
        "プレイヤー/最大落下速度": 60.0,
        "プレイヤー/最高速度": 20.0,
        "プレイヤー/移動速度": 6.0,
        "プレイヤー/空中制御": 10.0,
        "プレイヤー/落下リセットY": -20.0,
        "ワイヤー/ポンプ上限速度": 20.0,
        "ワイヤー/ポンプ加速": 15.0,
        "ワイヤー/リール速度": 5.0,
        "ワイヤー/巻き取り速度": 14.0,
        "ワイヤー/引き寄せ上限速度": 30.0,
        "ワイヤー/引き寄せ加速": 0.0,
        "ワイヤー/引き込み力": 0.0,
        "ワイヤー/操舵加速": 26.0,
        "ワイヤー/最大長": 100.0,
        "ワイヤー/最短の長さ": 3.0,
        "ワイヤー/照準レイ長": 200.0,
        "ワイヤー/自動リリース猶予": 0.20000000298023224,
        "ワイヤー/見た目の太さ": 0.07999999821186066,
        "ワイヤー/遮蔽の余白": 1.0,
        "傾き/ワイヤー時のピッチ係数": 1.0,
        "傾き/ワイヤー時のロール係数": -1.0,
        "傾き/前傾の強さ": 0.800000011920929,
        "傾き/最大角度": 45.0,
        "傾き/追従速度": 8.0,
        "加速/Jump併用の上向き割合": 0.800000011920929,
        "加速/上限速度": 35.0,
        "加速/加速度": 30.0,
        "加速/単押しとみなす時間": 0.18000000715255737,
        "加速/空中ステップの速さ": 18.0,
        "加速エフェクト/サイズ": 0.18000000715255737,
        "加速エフェクト/寿命": 0.3499999940395355,
        "加速エフェクト/後方オフセット": 0.5,
        "加速エフェクト/散らばり": 0.25,
        "加速エフェクト/毎秒の粒数": 30.0,
        "加速エフェクト/流れる速さ": 6.0,
        "加速エフェクト/濃さ": 0.6000000238418579,
        "反撃/スロー倍率": 0.20000000298023224,
        "反撃/受付時間": 0.6000000238418579,
        "回避/先行入力": 0.20000000298023224,
        "回避/再充填時間": 0.699999988079071,
        "回避/時間": 0.18000000715255737,
        "回避/無敵時間": 0.20000000298023224,
        "回避/速度": 22.0,
        "壁ジャンプ/上向きの強さ": 11.0,
        "壁ジャンプ/勢いの持ち越し": 0.6000000238418579,
        "壁ジャンプ/壁を蹴る強さ": 12.0,
        "壁走り/ずり落ちる速さ": 5.0,
        "壁走り/よじ登りに必要な向き": 0.550000011920929,
        "壁走り/よじ登る速さ": 8.0,
        "壁走り/再吸着までの待ち": 0.15000000596046448,
        "壁走り/取り付いた時の上向き": 3.0,
        "壁走り/同じ壁とみなす内積": 0.699999988079071,
        "壁走り/壁へ押し付ける速さ": 2.0,
        "壁走り/接触の猶予": 0.20000000298023224,
        "壁走り/曲がれる角度の内積": 0.5,
        "壁走り/発動に必要な速さ": 3.0,
        "壁走り/走れる時間": 2.0,
        "壁走りエフェクト/壁から離れる速さ": 2.0,
        "壁走りエフェクト/後方へ流れる速さ": 9.0,
        "壁走りエフェクト/散らばり": 0.3499999940395355,
        "壁走りエフェクト/毎秒の粒数": 45.0,
        "壁走りエフェクト/落ちる速さ": 3.0,
        "壁走りエフェクト/足元へのオフセット": 0.30000001192092896,
        "敵/予備動作時間": 0.44999998807907104,
        "敵/攻撃開始距離": 2.5,
        "敵/旋回速度": 180.0,
        "敵/硬直時間": 0.699999988079071,
        "敵/移動速度": 1.5,
        "敵/突進時間": 0.2199999988079071,
        "敵/突進速度": 14.0,
        "敵スポナー/出現高さ": 20.0,
        "敵スポナー/最大数": 30.0,
        "敵スポナー/範囲": 15.0,
        "敵スポナー/間隔": 1.0,
        "演出/スロー暗さ": 0.4000000059604645,
        "環境/フォグ濃度": 0.001,
        "環境/影の高さ比率": 1.2,
        "環境/影エリア": 25.0,
        "空中スロー/回復速度": 0.5,
        "空中スロー/最大時間": 1.5,
        "空中スロー/遅さ": 0.30000001192092896,
        "落下攻撃/斬撃範囲": 1.5,
        "連続攻撃/範囲": 8.0
    },
    "ints": {
        "HUD/レティクル種類(0環1菱2羅)": 0,
        "加速エフェクト/ステップの粒数": 6,
        "回避/ストック数": 2,
        "壁ジャンプ/火花の数": 12
    },
    "vectors": {
        "加速エフェクト/発光色": [
            0.6499999761581421,
            0.8500000238418579,
            1.0
        ],
        "環境/フォグ色": [
            1.0,
            1.0,
            1.0
        ],
        "環境/平行光の向き": [
            1.0,
            -1.0,
            1.0
        ],
        "環境/平行光の色": [
            2.25,
            2.25,
            2.25
        ],
        "環境/環境光の色": [
            0.30000001192092896,
            0.30000001192092896,
            0.30000001192092896
        ]
    }
}